State/UTs,Year,CAUSE,Male,Female,Total
Total (All India),2013,No Education,15579,9425,25004
Total (All India),2013,Primary,19502,10322,29824
Total (All India),2013,Middle,21679,10095,31774
Total (All India),2013,Matriculate/Secondary,19416,8180,27596
Total (All India),2013,Hr. Secondary/Intermediate/Pre-University,9544,4305,13849
Total (All India),2013,Diploma,1204,452,1656
Total (All India),2013,Graduate,3110,1270,4380
Total (All India),2013,Post Graduate and Above,509,207,716
Total (All India),2013,Total,90543,44256,134799
Total (States),2013,No Education,15363,9328,24691
Total (States),2013,Primary,19233,10199,29432
Total (States),2013,Middle,21172,9919,31091
Total (States),2013,Matriculate/Secondary,18856,7935,26791
Total (States),2013,Hr. Secondary/Intermediate/Pre-University,9160,4100,13260
Total (States),2013,Diploma,1184,444,1628
Total (States),2013,Graduate,3014,1223,4237
Total (States),2013,Post Graduate and Above,497,203,700
Total (States),2013,Total,88479,43351,131830
Total (UTs),2013,No Education,216,97,313
Total (UTs),2013,Primary,269,123,392
Total (UTs),2013,Middle,507,176,683
Total (UTs),2013,Matriculate/Secondary,560,245,805
Total (UTs),2013,Hr. Secondary/Intermediate/Pre-University,384,205,589
Total (UTs),2013,Diploma,20,8,28
Total (UTs),2013,Graduate,96,47,143
Total (UTs),2013,Post Graduate and Above,12,4,16
Total (UTs),2013,Total,2064,905,2969
Andhra Pradesh,2013,No Education,3127,1704,4831
Andhra Pradesh,2013,Primary,1895,892,2787
Andhra Pradesh,2013,Middle,1760,759,2519
Andhra Pradesh,2013,Matriculate/Secondary,1605,704,2309
Andhra Pradesh,2013,Hr. Secondary/Intermediate/Pre-University,795,399,1194
Andhra Pradesh,2013,Diploma,104,53,157
Andhra Pradesh,2013,Graduate,555,165,720
Andhra Pradesh,2013,Post Graduate and Above,61,29,90
Andhra Pradesh,2013,Total,9902,4705,14607
Arunachal Pradesh,2013,No Education,46,19,65
Arunachal Pradesh,2013,Primary,42,14,56
Arunachal Pradesh,2013,Middle,37,14,51
Arunachal Pradesh,2013,Matriculate/Secondary,33,5,38
Arunachal Pradesh,2013,Hr. Secondary/Intermediate/Pre-University,11,5,16
Arunachal Pradesh,2013,Diploma,0,0,0
Arunachal Pradesh,2013,Graduate,2,1,3
Arunachal Pradesh,2013,Post Graduate and Above,0,0,0
Arunachal Pradesh,2013,Total,171,58,229
Assam,2013,No Education,355,182,537
Assam,2013,Primary,490,196,686
Assam,2013,Middle,818,319,1137
Assam,2013,Matriculate/Secondary,540,165,705
Assam,2013,Hr. Secondary/Intermediate/Pre-University,318,120,438
Assam,2013,Diploma,5,2,7
Assam,2013,Graduate,31,11,42
Assam,2013,Post Graduate and Above,1,0,1
Assam,2013,Total,2558,995,3553
Bihar,2013,No Education,127,136,263
Bihar,2013,Primary,150,116,266
Bihar,2013,Middle,168,66,234
Bihar,2013,Matriculate/Secondary,113,55,168
Bihar,2013,Hr. Secondary/Intermediate/Pre-University,38,30,68
Bihar,2013,Diploma,11,12,23
Bihar,2013,Graduate,19,10,29
Bihar,2013,Post Graduate and Above,4,2,6
Bihar,2013,Total,630,427,1057
Chhattisgarh,2013,No Education,868,551,1419
Chhattisgarh,2013,Primary,798,437,1235
Chhattisgarh,2013,Middle,974,415,1389
Chhattisgarh,2013,Matriculate/Secondary,645,281,926
Chhattisgarh,2013,Hr. Secondary/Intermediate/Pre-University,307,82,389
Chhattisgarh,2013,Diploma,5,12,17
Chhattisgarh,2013,Graduate,45,10,55
Chhattisgarh,2013,Post Graduate and Above,6,0,6
Chhattisgarh,2013,Total,3648,1788,5436
Goa,2013,No Education,21,15,36
Goa,2013,Primary,22,11,33
Goa,2013,Middle,64,35,99
Goa,2013,Matriculate/Secondary,66,27,93
Goa,2013,Hr. Secondary/Intermediate/Pre-University,51,9,60
Goa,2013,Diploma,0,0,0
Goa,2013,Graduate,5,1,6
Goa,2013,Post Graduate and Above,1,0,1
Goa,2013,Total,230,98,328
Gujarat,2013,No Education,614,434,1048
Gujarat,2013,Primary,1631,1064,2695
Gujarat,2013,Middle,889,449,1338
Gujarat,2013,Matriculate/Secondary,874,448,1322
Gujarat,2013,Hr. Secondary/Intermediate/Pre-University,316,169,485
Gujarat,2013,Diploma,52,13,65
Gujarat,2013,Graduate,141,53,194
Gujarat,2013,Post Graduate and Above,15,4,19
Gujarat,2013,Total,4532,2634,7166
Haryana,2013,No Education,437,153,590
Haryana,2013,Primary,421,180,601
Haryana,2013,Middle,559,175,734
Haryana,2013,Matriculate/Secondary,660,186,846
Haryana,2013,Hr. Secondary/Intermediate/Pre-University,259,85,344
Haryana,2013,Diploma,79,17,96
Haryana,2013,Graduate,67,15,82
Haryana,2013,Post Graduate and Above,20,3,23
Haryana,2013,Total,2502,814,3316
Himachal Pradesh,2013,No Education,42,16,58
Himachal Pradesh,2013,Primary,58,35,93
Himachal Pradesh,2013,Middle,57,32,89
Himachal Pradesh,2013,Matriculate/Secondary,116,60,176
Himachal Pradesh,2013,Hr. Secondary/Intermediate/Pre-University,44,26,70
Himachal Pradesh,2013,Diploma,19,3,22
Himachal Pradesh,2013,Graduate,24,14,38
Himachal Pradesh,2013,Post Graduate and Above,4,4,8
Himachal Pradesh,2013,Total,364,190,554
Jammu and Kashmir,2013,No Education,33,45,78
Jammu and Kashmir,2013,Primary,30,12,42
Jammu and Kashmir,2013,Middle,40,26,66
Jammu and Kashmir,2013,Matriculate/Secondary,43,35,78
Jammu and Kashmir,2013,Hr. Secondary/Intermediate/Pre-University,18,12,30
Jammu and Kashmir,2013,Diploma,1,0,1
Jammu and Kashmir,2013,Graduate,2,2,4
Jammu and Kashmir,2013,Post Graduate and Above,1,2,3
Jammu and Kashmir,2013,Total,168,134,302
Jharkhand,2013,No Education,225,136,361
Jharkhand,2013,Primary,163,91,254
Jharkhand,2013,Middle,147,95,242
Jharkhand,2013,Matriculate/Secondary,282,92,374
Jharkhand,2013,Hr. Secondary/Intermediate/Pre-University,100,43,143
Jharkhand,2013,Diploma,10,4,14
Jharkhand,2013,Graduate,45,12,57
Jharkhand,2013,Post Graduate and Above,12,3,15
Jharkhand,2013,Total,984,476,1460
Karnataka,2013,No Education,1559,817,2376
Karnataka,2013,Primary,1554,749,2303
Karnataka,2013,Middle,1680,731,2411
Karnataka,2013,Matriculate/Secondary,1602,670,2272
Karnataka,2013,Hr. Secondary/Intermediate/Pre-University,883,372,1255
Karnataka,2013,Diploma,109,57,166
Karnataka,2013,Graduate,287,120,407
Karnataka,2013,Post Graduate and Above,59,17,76
Karnataka,2013,Total,7733,3533,11266
Kerala,2013,No Education,119,56,175
Kerala,2013,Primary,1368,433,1801
Kerala,2013,Middle,1838,435,2273
Kerala,2013,Matriculate/Secondary,2049,491,2540
Kerala,2013,Hr. Secondary/Intermediate/Pre-University,942,354,1296
Kerala,2013,Diploma,91,31,122
Kerala,2013,Graduate,265,123,388
Kerala,2013,Post Graduate and Above,29,22,51
Kerala,2013,Total,6701,1945,8646
Madhya Pradesh,2013,No Education,1088,961,2049
Madhya Pradesh,2013,Primary,1215,912,2127
Madhya Pradesh,2013,Middle,1261,852,2113
Madhya Pradesh,2013,Matriculate/Secondary,1171,598,1769
Madhya Pradesh,2013,Hr. Secondary/Intermediate/Pre-University,721,392,1113
Madhya Pradesh,2013,Diploma,54,15,69
Madhya Pradesh,2013,Graduate,134,43,177
Madhya Pradesh,2013,Post Graduate and Above,26,3,29
Madhya Pradesh,2013,Total,5670,3776,9446
Maharashtra,2013,No Education,1255,647,1902
Maharashtra,2013,Primary,2730,1191,3921
Maharashtra,2013,Middle,3224,1260,4484
Maharashtra,2013,Matriculate/Secondary,3221,1137,4358
Maharashtra,2013,Hr. Secondary/Intermediate/Pre-University,1072,361,1433
Maharashtra,2013,Diploma,137,36,173
Maharashtra,2013,Graduate,222,86,308
Maharashtra,2013,Post Graduate and Above,31,12,43
Maharashtra,2013,Total,11892,4730,16622
Manipur,2013,No Education,2,0,2
Manipur,2013,Primary,4,2,6
Manipur,2013,Middle,3,3,6
Manipur,2013,Matriculate/Secondary,7,5,12
Manipur,2013,Hr. Secondary/Intermediate/Pre-University,6,4,10
Manipur,2013,Diploma,0,1,1
Manipur,2013,Graduate,0,0,0
Manipur,2013,Post Graduate and Above,0,0,0
Manipur,2013,Total,22,15,37
Meghalaya,2013,No Education,17,9,26
Meghalaya,2013,Primary,25,11,36
Meghalaya,2013,Middle,36,15,51
Meghalaya,2013,Matriculate/Secondary,18,4,22
Meghalaya,2013,Hr. Secondary/Intermediate/Pre-University,0,0,0
Meghalaya,2013,Diploma,0,0,0
Meghalaya,2013,Graduate,0,2,2
Meghalaya,2013,Post Graduate and Above,0,0,0
Meghalaya,2013,Total,96,41,137
Mizoram,2013,No Education,4,2,6
Mizoram,2013,Primary,7,1,8
Mizoram,2013,Middle,49,9,58
Mizoram,2013,Matriculate/Secondary,13,3,16
Mizoram,2013,Hr. Secondary/Intermediate/Pre-University,6,0,6
Mizoram,2013,Diploma,0,0,0
Mizoram,2013,Graduate,0,1,1
Mizoram,2013,Post Graduate and Above,0,0,0
Mizoram,2013,Total,79,16,95
Nagaland,2013,No Education,3,2,5
Nagaland,2013,Primary,9,3,12
Nagaland,2013,Middle,8,6,14
Nagaland,2013,Matriculate/Secondary,4,1,5
Nagaland,2013,Hr. Secondary/Intermediate/Pre-University,1,0,1
Nagaland,2013,Diploma,0,0,0
Nagaland,2013,Graduate,0,0,0
Nagaland,2013,Post Graduate and Above,0,0,0
Nagaland,2013,Total,25,12,37
Odisha,2013,No Education,573,387,960
Odisha,2013,Primary,604,394,998
Odisha,2013,Middle,701,367,1068
Odisha,2013,Matriculate/Secondary,760,423,1183
Odisha,2013,Hr. Secondary/Intermediate/Pre-University,377,289,666
Odisha,2013,Diploma,54,24,78
Odisha,2013,Graduate,175,86,261
Odisha,2013,Post Graduate and Above,28,10,38
Odisha,2013,Total,3272,1980,5252
Punjab,2013,No Education,174,55,229
Punjab,2013,Primary,97,33,130
Punjab,2013,Middle,135,42,177
Punjab,2013,Matriculate/Secondary,185,73,258
Punjab,2013,Hr. Secondary/Intermediate/Pre-University,82,32,114
Punjab,2013,Diploma,17,7,24
Punjab,2013,Graduate,19,16,35
Punjab,2013,Post Graduate and Above,4,1,5
Punjab,2013,Total,713,259,972
Rajasthan,2013,No Education,862,611,1473
Rajasthan,2013,Primary,642,296,938
Rajasthan,2013,Middle,679,239,918
Rajasthan,2013,Matriculate/Secondary,683,209,892
Rajasthan,2013,Hr. Secondary/Intermediate/Pre-University,338,83,421
Rajasthan,2013,Diploma,47,8,55
Rajasthan,2013,Graduate,103,33,136
Rajasthan,2013,Post Graduate and Above,23,4,27
Rajasthan,2013,Total,3377,1483,4860
Sikkim,2013,No Education,0,1,1
Sikkim,2013,Primary,57,17,74
Sikkim,2013,Middle,31,21,52
Sikkim,2013,Matriculate/Secondary,29,11,40
Sikkim,2013,Hr. Secondary/Intermediate/Pre-University,7,9,16
Sikkim,2013,Diploma,0,0,0
Sikkim,2013,Graduate,1,0,1
Sikkim,2013,Post Graduate and Above,0,0,0
Sikkim,2013,Total,125,59,184
Tamil Nadu,2013,No Education,2298,1203,3501
Tamil Nadu,2013,Primary,1909,900,2809
Tamil Nadu,2013,Middle,2668,1379,4047
Tamil Nadu,2013,Matriculate/Secondary,2083,1000,3083
Tamil Nadu,2013,Hr. Secondary/Intermediate/Pre-University,1360,574,1934
Tamil Nadu,2013,Diploma,292,96,388
Tamil Nadu,2013,Graduate,458,226,684
Tamil Nadu,2013,Post Graduate and Above,114,41,155
Tamil Nadu,2013,Total,11182,5419,16601
Tripura,2013,No Education,29,22,51
Tripura,2013,Primary,199,55,254
Tripura,2013,Middle,257,140,397
Tripura,2013,Matriculate/Secondary,131,75,206
Tripura,2013,Hr. Secondary/Intermediate/Pre-University,18,32,50
Tripura,2013,Diploma,0,0,0
Tripura,2013,Graduate,2,1,3
Tripura,2013,Post Graduate and Above,0,0,0
Tripura,2013,Total,636,325,961
Uttar Pradesh,2013,No Education,653,477,1130
Uttar Pradesh,2013,Primary,597,397,994
Uttar Pradesh,2013,Middle,526,453,979
Uttar Pradesh,2013,Matriculate/Secondary,609,445,1054
Uttar Pradesh,2013,Hr. Secondary/Intermediate/Pre-University,504,235,739
Uttar Pradesh,2013,Diploma,52,25,77
Uttar Pradesh,2013,Graduate,182,80,262
Uttar Pradesh,2013,Post Graduate and Above,40,11,51
Uttar Pradesh,2013,Total,3163,2123,5286
Uttarakhand,2013,No Education,34,13,47
Uttarakhand,2013,Primary,38,25,63
Uttarakhand,2013,Middle,40,32,72
Uttarakhand,2013,Matriculate/Secondary,53,26,79
Uttarakhand,2013,Hr. Secondary/Intermediate/Pre-University,55,22,77
Uttarakhand,2013,Diploma,3,1,4
Uttarakhand,2013,Graduate,18,2,20
Uttarakhand,2013,Post Graduate and Above,3,0,3
Uttarakhand,2013,Total,244,121,365
West Bengal,2013,No Education,798,674,1472
West Bengal,2013,Primary,2478,1732,4210
West Bengal,2013,Middle,2523,1550,4073
West Bengal,2013,Matriculate/Secondary,1261,706,1967
West Bengal,2013,Hr. Secondary/Intermediate/Pre-University,531,361,892
West Bengal,2013,Diploma,42,27,69
West Bengal,2013,Graduate,212,110,322
West Bengal,2013,Post Graduate and Above,15,35,50
West Bengal,2013,Total,7860,5195,13055
Andaman and Nicobar,2013,No Education,0,0,0
Andaman and Nicobar,2013,Primary,23,6,29
Andaman and Nicobar,2013,Middle,46,12,58
Andaman and Nicobar,2013,Matriculate/Secondary,26,12,38
Andaman and Nicobar,2013,Hr. Secondary/Intermediate/Pre-University,15,7,22
Andaman and Nicobar,2013,Diploma,0,0,0
Andaman and Nicobar,2013,Graduate,1,3,4
Andaman and Nicobar,2013,Post Graduate and Above,0,0,0
Andaman and Nicobar,2013,Total,111,40,151
Chandigarh,2013,No Education,3,1,4
Chandigarh,2013,Primary,4,2,6
Chandigarh,2013,Middle,7,5,12
Chandigarh,2013,Matriculate/Secondary,20,14,34
Chandigarh,2013,Hr. Secondary/Intermediate/Pre-University,8,12,20
Chandigarh,2013,Diploma,0,0,0
Chandigarh,2013,Graduate,16,4,20
Chandigarh,2013,Post Graduate and Above,1,0,1
Chandigarh,2013,Total,59,38,97
Dadra and Nagar Haveli,2013,No Education,17,9,26
Dadra and Nagar Haveli,2013,Primary,11,8,19
Dadra and Nagar Haveli,2013,Middle,10,5,15
Dadra and Nagar Haveli,2013,Matriculate/Secondary,10,3,13
Dadra and Nagar Haveli,2013,Hr. Secondary/Intermediate/Pre-University,5,0,5
Dadra and Nagar Haveli,2013,Diploma,0,0,0
Dadra and Nagar Haveli,2013,Graduate,2,4,6
Dadra and Nagar Haveli,2013,Post Graduate and Above,0,0,0
Dadra and Nagar Haveli,2013,Total,55,29,84
Daman and Diu,2013,No Education,0,2,2
Daman and Diu,2013,Primary,2,5,7
Daman and Diu,2013,Middle,3,2,5
Daman and Diu,2013,Matriculate/Secondary,4,4,8
Daman and Diu,2013,Hr. Secondary/Intermediate/Pre-University,4,3,7
Daman and Diu,2013,Diploma,0,0,0
Daman and Diu,2013,Graduate,0,0,0
Daman and Diu,2013,Post Graduate and Above,0,0,0
Daman and Diu,2013,Total,13,16,29
Delhi,2013,No Education,186,81,267
Delhi,2013,Primary,215,99,314
Delhi,2013,Middle,309,123,432
Delhi,2013,Matriculate/Secondary,365,171,536
Delhi,2013,Hr. Secondary/Intermediate/Pre-University,259,128,387
Delhi,2013,Diploma,13,5,18
Delhi,2013,Graduate,63,32,95
Delhi,2013,Post Graduate and Above,7,3,10
Delhi,2013,Total,1417,642,2059
Lakshadweep,2013,No Education,0,0,0
Lakshadweep,2013,Primary,0,0,0
Lakshadweep,2013,Middle,1,1,2
Lakshadweep,2013,Matriculate/Secondary,0,0,0
Lakshadweep,2013,Hr. Secondary/Intermediate/Pre-University,0,0,0
Lakshadweep,2013,Diploma,0,1,1
Lakshadweep,2013,Graduate,0,0,0
Lakshadweep,2013,Post Graduate and Above,0,0,0
Lakshadweep,2013,Total,1,2,3
Puducherry,2013,No Education,10,4,14
Puducherry,2013,Primary,14,3,17
Puducherry,2013,Middle,131,28,159
Puducherry,2013,Matriculate/Secondary,135,41,176
Puducherry,2013,Hr. Secondary/Intermediate/Pre-University,93,55,148
Puducherry,2013,Diploma,7,2,9
Puducherry,2013,Graduate,14,4,18
Puducherry,2013,Post Graduate and Above,4,1,5
Puducherry,2013,Total,408,138,546
