States/UTs,Year,CrimeHead,Male,Female,Transgender,Total
Andhra Pradesh,2014,Un-Married,626,349,0,975
Andhra Pradesh,2014,Married,2979,1266,0,4245
Andhra Pradesh,2014,Widowed/Widower,89,68,0,157
Andhra Pradesh,2014,Divorcee,28,30,0,58
Andhra Pradesh,2014,Separated,10,9,0,19
Andhra Pradesh,2014,Others,240,84,0,324
Andhra Pradesh,2014,Status not known,248,74,1,323
Andhra Pradesh,2014,Total,4220,1880,1,6101
Arunachal Pradesh,2014,Un-Married,25,21,0,46
Arunachal Pradesh,2014,Married,39,17,0,56
Arunachal Pradesh,2014,Widowed/Widower,0,0,0,0
Arunachal Pradesh,2014,Divorcee,0,0,0,0
Arunachal Pradesh,2014,Separated,0,0,0,0
Arunachal Pradesh,2014,Others,26,4,0,30
Arunachal Pradesh,2014,Status not known,20,4,0,24
Arunachal Pradesh,2014,Total,110,46,0,156
Assam,2014,Un-Married,728,342,0,1070
Assam,2014,Married,1318,547,0,1865
Assam,2014,Widowed/Widower,7,0,0,7
Assam,2014,Divorcee,14,4,0,18
Assam,2014,Separated,10,0,0,10
Assam,2014,Others,176,48,0,224
Assam,2014,Status not known,257,95,0,352
Assam,2014,Total,2510,1036,0,3546
Bihar,2014,Un-Married,123,109,0,232
Bihar,2014,Married,255,162,0,417
Bihar,2014,Widowed/Widower,4,3,0,7
Bihar,2014,Divorcee,0,1,0,1
Bihar,2014,Separated,0,0,0,0
Bihar,2014,Others,23,7,0,30
Bihar,2014,Status not known,17,15,0,32
Bihar,2014,Total,422,297,0,719
Chhattisgarh,2014,Un-Married,813,517,0,1330
Chhattisgarh,2014,Married,2546,1273,0,3819
Chhattisgarh,2014,Widowed/Widower,110,65,0,175
Chhattisgarh,2014,Divorcee,35,15,0,50
Chhattisgarh,2014,Separated,18,5,0,23
Chhattisgarh,2014,Others,98,28,0,126
Chhattisgarh,2014,Status not known,143,17,0,160
Chhattisgarh,2014,Total,3763,1920,0,5683
Goa,2014,Un-Married,80,25,0,105
Goa,2014,Married,106,58,0,164
Goa,2014,Widowed/Widower,0,2,0,2
Goa,2014,Divorcee,0,1,0,1
Goa,2014,Separated,0,1,0,1
Goa,2014,Others,0,0,0,0
Goa,2014,Status not known,17,1,0,18
Goa,2014,Total,203,88,0,291
Gujarat,2014,Un-Married,951,552,0,1503
Gujarat,2014,Married,3113,1814,0,4927
Gujarat,2014,Widowed/Widower,143,116,0,259
Gujarat,2014,Divorcee,27,16,0,43
Gujarat,2014,Separated,14,24,0,38
Gujarat,2014,Others,214,56,0,270
Gujarat,2014,Status not known,141,44,0,185
Gujarat,2014,Total,4603,2622,0,7225
Haryana,2014,Un-Married,423,130,0,553
Haryana,2014,Married,1412,366,0,1778
Haryana,2014,Widowed/Widower,31,25,0,56
Haryana,2014,Divorcee,14,7,0,21
Haryana,2014,Separated,0,0,0,0
Haryana,2014,Others,455,130,0,585
Haryana,2014,Status not known,187,23,0,210
Haryana,2014,Total,2522,681,0,3203
Himachal Pradesh,2014,Un-Married,67,44,0,111
Himachal Pradesh,2014,Married,274,187,0,461
Himachal Pradesh,2014,Widowed/Widower,7,3,0,10
Himachal Pradesh,2014,Divorcee,4,3,0,7
Himachal Pradesh,2014,Separated,0,0,0,0
Himachal Pradesh,2014,Others,39,9,0,48
Himachal Pradesh,2014,Status not known,5,2,0,7
Himachal Pradesh,2014,Total,396,248,0,644
Jammu & Kashmir,2014,Un-Married,41,40,0,81
Jammu & Kashmir,2014,Married,75,35,0,110
Jammu & Kashmir,2014,Widowed/Widower,0,1,0,1
Jammu & Kashmir,2014,Divorcee,0,0,0,0
Jammu & Kashmir,2014,Separated,1,0,0,1
Jammu & Kashmir,2014,Others,26,16,0,42
Jammu & Kashmir,2014,Status not known,7,16,0,23
Jammu & Kashmir,2014,Total,150,108,0,258
Jharkhand,2014,Un-Married,215,91,0,306
Jharkhand,2014,Married,419,202,0,621
Jharkhand,2014,Widowed/Widower,5,17,0,22
Jharkhand,2014,Divorcee,21,4,0,25
Jharkhand,2014,Separated,11,4,0,15
Jharkhand,2014,Others,149,48,0,197
Jharkhand,2014,Status not known,70,44,0,114
Jharkhand,2014,Total,890,410,0,1300
Karnataka,2014,Un-Married,1574,819,1,2394
Karnataka,2014,Married,5039,1957,0,6996
Karnataka,2014,Widowed/Widower,58,87,0,145
Karnataka,2014,Divorcee,14,13,0,27
Karnataka,2014,Separated,70,17,0,87
Karnataka,2014,Others,698,286,0,984
Karnataka,2014,Status not known,231,80,1,312
Karnataka,2014,Total,7684,3259,2,10945
Kerala,2014,Un-Married,1114,439,0,1553
Kerala,2014,Married,4763,1421,0,6184
Kerala,2014,Widowed/Widower,171,102,0,273
Kerala,2014,Divorcee,91,22,0,113
Kerala,2014,Separated,60,21,0,81
Kerala,2014,Others,186,26,0,212
Kerala,2014,Status not known,27,3,0,30
Kerala,2014,Total,6412,2034,0,8446
Madhya Pradesh,2014,Un-Married,1354,904,0,2258
Madhya Pradesh,2014,Married,3559,2538,0,6097
Madhya Pradesh,2014,Widowed/Widower,104,78,0,182
Madhya Pradesh,2014,Divorcee,16,11,0,27
Madhya Pradesh,2014,Separated,6,6,0,12
Madhya Pradesh,2014,Others,209,110,0,319
Madhya Pradesh,2014,Status not known,93,51,0,144
Madhya Pradesh,2014,Total,5341,3698,0,9039
Maharashtra,2014,Un-Married,2227,1102,1,3330
Maharashtra,2014,Married,9184,3144,0,12328
Maharashtra,2014,Widowed/Widower,208,155,0,363
Maharashtra,2014,Divorcee,54,38,0,92
Maharashtra,2014,Separated,36,14,0,50
Maharashtra,2014,Others,28,4,2,34
Maharashtra,2014,Status not known,91,19,0,110
Maharashtra,2014,Total,11828,4476,3,16307
Manipur,2014,Un-Married,10,6,0,16
Manipur,2014,Married,12,13,0,25
Manipur,2014,Widowed/Widower,0,0,0,0
Manipur,2014,Divorcee,0,0,0,0
Manipur,2014,Separated,0,0,0,0
Manipur,2014,Others,4,0,0,4
Manipur,2014,Status not known,5,0,0,5
Manipur,2014,Total,31,19,0,50
Meghalaya,2014,Un-Married,17,11,0,28
Meghalaya,2014,Married,28,6,0,34
Meghalaya,2014,Widowed/Widower,1,3,0,4
Meghalaya,2014,Divorcee,0,0,0,0
Meghalaya,2014,Separated,0,0,0,0
Meghalaya,2014,Others,12,1,0,13
Meghalaya,2014,Status not known,17,3,0,20
Meghalaya,2014,Total,75,24,0,99
Mizoram,2014,Un-Married,26,5,0,31
Mizoram,2014,Married,56,6,0,62
Mizoram,2014,Widowed/Widower,3,0,0,3
Mizoram,2014,Divorcee,1,1,0,2
Mizoram,2014,Separated,9,3,0,12
Mizoram,2014,Others,2,0,0,2
Mizoram,2014,Status not known,3,1,0,4
Mizoram,2014,Total,100,16,0,116
Nagaland,2014,Un-Married,2,3,0,5
Nagaland,2014,Married,4,1,0,5
Nagaland,2014,Widowed/Widower,0,0,0,0
Nagaland,2014,Divorcee,0,0,0,0
Nagaland,2014,Separated,0,0,0,0
Nagaland,2014,Others,0,0,0,0
Nagaland,2014,Status not known,3,0,0,3
Nagaland,2014,Total,9,4,0,13
Odisha,2014,Un-Married,601,443,0,1044
Odisha,2014,Married,1052,780,0,1832
Odisha,2014,Widowed/Widower,28,59,0,87
Odisha,2014,Divorcee,32,43,0,75
Odisha,2014,Separated,24,37,0,61
Odisha,2014,Others,236,225,0,461
Odisha,2014,Status not known,355,245,0,600
Odisha,2014,Total,2328,1832,0,4160
Punjab,2014,Un-Married,176,50,0,226
Punjab,2014,Married,438,164,0,602
Punjab,2014,Widowed/Widower,3,3,0,6
Punjab,2014,Divorcee,0,0,0,0
Punjab,2014,Separated,0,0,0,0
Punjab,2014,Others,31,11,0,42
Punjab,2014,Status not known,62,5,0,67
Punjab,2014,Total,710,233,0,943
Rajasthan,2014,Un-Married,563,285,0,848
Rajasthan,2014,Married,2401,810,0,3211
Rajasthan,2014,Widowed/Widower,28,23,0,51
Rajasthan,2014,Divorcee,10,6,0,16
Rajasthan,2014,Separated,19,22,0,41
Rajasthan,2014,Others,145,61,0,206
Rajasthan,2014,Status not known,69,17,0,86
Rajasthan,2014,Total,3235,1224,0,4459
Sikkim,2014,Un-Married,49,17,0,66
Sikkim,2014,Married,74,58,0,132
Sikkim,2014,Widowed/Widower,0,2,0,2
Sikkim,2014,Divorcee,0,0,0,0
Sikkim,2014,Separated,2,0,0,2
Sikkim,2014,Others,32,4,0,36
Sikkim,2014,Status not known,4,2,0,6
Sikkim,2014,Total,161,83,0,244
Tamil Nadu,2014,Un-Married,2178,1081,3,3262
Tamil Nadu,2014,Married,7611,3406,0,11017
Tamil Nadu,2014,Widowed/Widower,118,129,0,247
Tamil Nadu,2014,Divorcee,66,63,0,129
Tamil Nadu,2014,Separated,122,60,1,183
Tamil Nadu,2014,Others,549,338,0,887
Tamil Nadu,2014,Status not known,319,78,0,397
Tamil Nadu,2014,Total,10963,5155,4,16122
Telangana,2014,Un-Married,797,455,0,1252
Telangana,2014,Married,4927,1702,0,6629
Telangana,2014,Widowed/Widower,116,165,0,281
Telangana,2014,Divorcee,54,41,0,95
Telangana,2014,Separated,120,39,0,159
Telangana,2014,Others,544,500,0,1044
Telangana,2014,Status not known,111,52,0,163
Telangana,2014,Total,6669,2954,0,9623
Tripura,2014,Un-Married,131,87,0,218
Tripura,2014,Married,297,142,0,439
Tripura,2014,Widowed/Widower,14,21,0,35
Tripura,2014,Divorcee,15,9,0,24
Tripura,2014,Separated,2,2,0,4
Tripura,2014,Others,22,8,0,30
Tripura,2014,Status not known,11,1,0,12
Tripura,2014,Total,492,270,0,762
Uttar Pradesh,2014,Un-Married,521,350,1,872
Uttar Pradesh,2014,Married,1172,1017,0,2189
Uttar Pradesh,2014,Widowed/Widower,23,5,0,28
Uttar Pradesh,2014,Divorcee,13,9,0,22
Uttar Pradesh,2014,Separated,15,5,0,20
Uttar Pradesh,2014,Others,218,64,4,286
Uttar Pradesh,2014,Status not known,137,35,1,173
Uttar Pradesh,2014,Total,2099,1485,6,3590
Uttarakhand,2014,Un-Married,31,21,0,52
Uttarakhand,2014,Married,43,18,0,61
Uttarakhand,2014,Widowed/Widower,2,0,0,2
Uttarakhand,2014,Divorcee,0,0,0,0
Uttarakhand,2014,Separated,0,0,0,0
Uttarakhand,2014,Others,16,8,0,24
Uttarakhand,2014,Status not known,59,9,0,68
Uttarakhand,2014,Total,151,56,0,207
West Bengal,2014,Un-Married,2002,1215,0,3217
West Bengal,2014,Married,5264,3416,0,8680
West Bengal,2014,Widowed/Widower,100,160,0,260
West Bengal,2014,Divorcee,37,70,0,107
West Bengal,2014,Separated,34,41,0,75
West Bengal,2014,Others,708,251,0,959
West Bengal,2014,Status not known,741,271,0,1012
West Bengal,2014,Total,8886,5424,0,14310
A & N Islands,2014,Un-Married,24,20,0,44
A & N Islands,2014,Married,91,20,0,111
A & N Islands,2014,Widowed/Widower,0,0,0,0
A & N Islands,2014,Divorcee,0,0,0,0
A & N Islands,2014,Separated,0,0,0,0
A & N Islands,2014,Others,0,0,0,0
A & N Islands,2014,Status not known,0,0,0,0
A & N Islands,2014,Total,115,40,0,155
Chandigarh,2014,Un-Married,31,4,0,35
Chandigarh,2014,Married,35,13,0,48
Chandigarh,2014,Widowed/Widower,0,0,0,0
Chandigarh,2014,Divorcee,0,3,0,3
Chandigarh,2014,Separated,0,0,0,0
Chandigarh,2014,Others,0,0,0,0
Chandigarh,2014,Status not known,0,19,0,19
Chandigarh,2014,Total,66,39,0,105
D&N Haveli,2014,Un-Married,15,10,0,25
D&N Haveli,2014,Married,29,20,0,49
D&N Haveli,2014,Widowed/Widower,1,0,0,1
D&N Haveli,2014,Divorcee,0,1,0,1
D&N Haveli,2014,Separated,0,0,0,0
D&N Haveli,2014,Others,0,0,0,0
D&N Haveli,2014,Status not known,0,0,0,0
D&N Haveli,2014,Total,45,31,0,76
Daman & Diu,2014,Un-Married,4,1,0,5
Daman & Diu,2014,Married,15,3,0,18
Daman & Diu,2014,Widowed/Widower,0,0,0,0
Daman & Diu,2014,Divorcee,0,0,0,0
Daman & Diu,2014,Separated,0,0,0,0
Daman & Diu,2014,Others,0,0,0,0
Daman & Diu,2014,Status not known,3,1,0,4
Daman & Diu,2014,Total,22,5,0,27
Delhi UT,2014,Un-Married,354,226,0,580
Delhi UT,2014,Married,765,378,0,1143
Delhi UT,2014,Widowed/Widower,28,9,0,37
Delhi UT,2014,Divorcee,5,6,0,11
Delhi UT,2014,Separated,16,6,0,22
Delhi UT,2014,Others,44,12,0,56
Delhi UT,2014,Status not known,212,34,0,246
Delhi UT,2014,Total,1424,671,0,2095
Lakshadweep,2014,Un-Married,0,0,0,0
Lakshadweep,2014,Married,1,1,0,2
Lakshadweep,2014,Widowed/Widower,0,0,0,0
Lakshadweep,2014,Divorcee,0,0,0,0
Lakshadweep,2014,Separated,0,0,0,0
Lakshadweep,2014,Others,1,0,0,1
Lakshadweep,2014,Status not known,0,0,0,0
Lakshadweep,2014,Total,2,1,0,3
Puducherry,2014,Un-Married,106,46,0,152
Puducherry,2014,Married,348,103,0,451
Puducherry,2014,Widowed/Widower,8,3,0,11
Puducherry,2014,Divorcee,0,0,0,0
Puducherry,2014,Separated,0,0,0,0
Puducherry,2014,Others,28,0,0,28
Puducherry,2014,Status not known,2,0,0,2
Puducherry,2014,Total,492,152,0,644
Total (States),2014,Un-Married,17465,9513,6,26984
Total (States),2014,Married,58460,26526,0,84986
Total (States),2014,Widowed/Widower,1373,1292,0,2665
Total (States),2014,Divorcee,546,407,0,953
Total (States),2014,Separated,583,310,1,894
Total (States),2014,Others,5086,2327,6,7419
Total (States),2014,Status not known,3450,1207,3,4660
Total (States),2014,Total,86963,41582,16,128561
Total (UTs),2014,Un-Married,534,307,0,841
Total (UTs),2014,Married,1284,538,0,1822
Total (UTs),2014,Widowed/Widower,37,12,0,49
Total (UTs),2014,Divorcee,5,10,0,15
Total (UTs),2014,Separated,16,6,0,22
Total (UTs),2014,Others,73,12,0,85
Total (UTs),2014,Status not known,217,54,0,271
Total (UTs),2014,Total,2166,939,0,3105
Total (All India),2014,Un-Married,17999,9820,6,27825
Total (All India),2014,Married,59744,27064,0,86808
Total (All India),2014,Widowed/Widower,1410,1304,0,2714
Total (All India),2014,Divorcee,551,417,0,968
Total (All India),2014,Separated,599,316,1,916
Total (All India),2014,Others,5159,2339,6,7504
Total (All India),2014,Status not known,3667,1261,3,4931
Total (All India),2014,Total,89129,42521,16,131666
